<?xml version = "1.0" encoding = "utf-8"?>
<!DOCTYPE hibernate-configuration SYSTEM 
"http://www.hibernate.org/dtd/hibernate-configuration-3.0.dtd">
<hibernate-configuration>
   <session-factory>
   
      <property name = "hibernate.dialect">
         org.hibernate.dialect.PostgreSQLDialect
      </property>
      
      <property name = "hibernate.connection.driver_class">
         org.postgresql.Driver
      </property>
      
      <property name="show_sql">true</property>
      
      <!-- Assume test is the database name -->
      
      <property name = "hibernate.connection.url">
         jdbc:postgresql://postgres:5432/wiki
      </property>
      
      <property name = "hibernate.connection.username">
         docker
      </property>
      
      <property name = "hibernate.connection.password">
         dragon
      </property>
      
      <property name="hibernate.c3p0.min_size">5</property>
      <property name="hibernate.c3p0.max_size">20</property>
      <property name="hibernate.c3p0.timeout">300</property>
      <property name="hibernate.c3p0.max_statements">50</property>
      <property name="hibernate.c3p0.idle_test_period">3000</property>

      <property name="hibernate.current_session_context_class">thread</property>
      
      <!-- List of XML mapping files -->
      <mapping class="com.tcs.postput.Pages"/>
      
   </session-factory>
</hibernate-configuration>
